{
  "streams": [
    {
      "stream": {
        "build_id": "build_865b33cb-d37e-4979-acfd-b87171e8180d",
        "filename": "/tmp/jmeter_logs.log",
        "hostname": "Lg_5236_30366",
        "job": "varlogs",
        "project": "1",
        "report_id": "38"
      },
      "values": [
        [
          "1654762930702150000",
          "2022-06-09 08:22:10,299 FATAL o.a.j.u.JMeterUtils: Setting Locale to en_US"
        ]
      ]
    },
    {
      "stream": {
        "build_id": "build_865b33cb-d37e-4979-acfd-b87171e8180d",
        "filename": "/tmp/jmeter_logs.log",
        "hostname": "Lg_5236_30266",
        "job": "varlogs",
        "project": "1",
        "report_id": "38"
      },
      "values": [
        [
          "1654762930704956000",
          "2022-06-09 08:22:10,496 DEBUG o.a.j.JMeter: Loading user properties from: user.properties"
        ]
      ]
    },
    {
      "stream": {
        "build_id": "build_865b33cb-d37e-4979-acfd-b87171e8180d",
        "filename": "/tmp/jmeter_logs.log",
        "hostname": "Lg_5236_30266",
        "job": "varlogs",
        "project": "1",
        "report_id": "38"
      },
      "values": [
        [
          "1654762930710933000",
          "2022-06-09 08:22:10,499 INFO o.a.j.JMeter: Loading system properties from: system.properties"
        ]
      ]
    },
    {
      "stream": {
        "build_id": "build_865b33cb-d37e-4979-acfd-b87171e8180d",
        "filename": "/tmp/jmeter_logs.log",
        "hostname": "Lg_5236_30266",
        "job": "varlogs",
        "project": "1",
        "report_id": "38"
      },
      "values": [
        [
          "1654762930711828000",
          "2022-06-09 08:22:10,501 DEBUG o.a.j.JMeter: Setting JMeter property: test_name=test"
        ]
      ]
    },
    {
      "stream": {
        "build_id": "build_865b33cb-d37e-4979-acfd-b87171e8180d",
        "filename": "/tmp/jmeter_logs.log",
        "hostname": "Lg_5236_30266",
        "job": "varlogs",
        "project": "1",
        "report_id": "38"
      },
      "values": [
        [
          "1654762930712020000",
          "2022-06-09 08:22:10,502 INFO o.a.j.JMeter: Setting JMeter property: env_type=local"
        ]
      ]
    },
    {
      "stream": {
        "build_id": "build_865b33cb-d37e-4979-acfd-b87171e8180d",
        "filename": "/tmp/jmeter_logs.log",
        "hostname": "Lg_5236_30266",
        "job": "varlogs",
        "project": "1",
        "report_id": "38"
      },
      "values": [
        [
          "1654762930712214000",
          "2022-06-09 08:22:10,502 INFO o.a.j.JMeter: Setting JMeter property: test_type=debug"
        ]
      ]
    },
    {
      "stream": {
        "build_id": "build_865b33cb-d37e-4979-acfd-b87171e8180d",
        "filename": "/tmp/jmeter_logs.log",
        "hostname": "Lg_5236_30266",
        "job": "varlogs",
        "project": "1",
        "report_id": "38"
      },
      "values": [
        [
          "1654762930712227000",
          "2022-06-09 08:22:10,503 ERROR o.a.j.JMeter: Setting JMeter property: VUSERS=1"
        ]
      ]
    },
    {
      "stream": {
        "build_id": "build_865b33cb-d37e-4979-acfd-b87171e8180d",
        "filename": "/tmp/jmeter_logs.log",
        "hostname": "Lg_5236_30266",
        "job": "varlogs",
        "project": "1",
        "report_id": "38"
      },
      "values": [
        [
          "1654762930712543000",
          "2022-06-09 08:22:10,503 ERROR o.a.j.JMeter: Setting JMeter property: RAMP_UP=1"
        ]
      ]
    },
    {
      "stream": {
        "build_id": "build_865b33cb-d37e-4979-acfd-b87171e8180d",
        "filename": "/tmp/jmeter_logs.log",
        "hostname": "Lg_5236_30246",
        "job": "varlogs",
        "project": "1",
        "report_id": "38"
      },
      "values": [
        [
          "1654762930712842000",
          "2022-06-09 08:22:10,503 INFO o.a.j.JMeter: Setting JMeter property: DURATION=60"
        ]
      ]
    },
    {
      "stream": {
        "build_id": "build_865b33cb-d37e-4979-acfd-b87171e8180d",
        "filename": "/tmp/jmeter_logs.log",
        "hostname": "Lg_5236_30266",
        "job": "varlogs",
        "project": "1",
        "report_id": "38"
      },
      "values": [
        [
          "1654762930712851000",
          "2022-06-09 08:22:10,503 INFO o.a.j.JMeter: Setting JMeter property: influx.port=8086"
        ]
      ]
    },
    {
      "stream": {
        "build_id": "build_865b33cb-d37e-4979-acfd-b87171e8180d",
        "filename": "/tmp/jmeter_logs.log",
        "hostname": "Lg_5236_30266",
        "job": "varlogs",
        "project": "1",
        "report_id": "38"
      },
      "values": [
        [
          "1654762930713003000",
          "2022-06-09 08:22:10,503 FATAL o.a.j.JMeter: Setting JMeter property: influx.host=192.168.1.54"
        ]
      ]
    },
    {
      "stream": {
        "build_id": "build_865b33cb-d37e-4979-acfd-b87171e8180d",
        "filename": "/tmp/jmeter_logs.log",
        "hostname": "Lg_5236_30266",
        "job": "varlogs",
        "project": "1",
        "report_id": "38"
      },
      "values": [
        [
          "1654762930713213000",
          "2022-06-09 08:22:10,505 WARN o.a.j.JMeter: Removing JMeter property: influx.username"
        ]
      ]
    },
    {
      "stream": {
        "build_id": "build_865b33cb-d37e-4979-acfd-b87171e8180d",
        "filename": "/tmp/jmeter_logs.log",
        "hostname": "Lg_5236_30266",
        "job": "varlogs",
        "project": "1",
        "report_id": "38"
      },
      "values": [
        [
          "1654762930713257000",
          "2022-06-09 08:22:10,505 WARN o.a.j.JMeter: Removing JMeter property: influx.password"
        ]
      ]
    },
    {
      "stream": {
        "build_id": "build_865b33cb-d37e-4979-acfd-b87171e8180d",
        "filename": "/tmp/jmeter_logs.log",
        "hostname": "Lg_5236_30266",
        "job": "varlogs",
        "project": "1",
        "report_id": "38"
      },
      "values": [
        [
          "1654762930713461000",
          "2022-06-09 08:22:10,505 ERROR o.a.j.JMeter: Setting JMeter property: galloper_url=http://192.168.1.54"
        ]
      ]
    },
    {
      "stream": {
        "build_id": "build_865b33cb-d37e-4979-acfd-b87171e8180d",
        "filename": "/tmp/jmeter_logs.log",
        "hostname": "Lg_5236_30266",
        "job": "varlogs",
        "project": "1",
        "report_id": "38"
      },
      "values": [
        [
          "1654762930713630000",
          "2022-06-09 08:22:10,506 INFO o.a.j.JMeter: Setting JMeter property: influx.db=jmeter_1"
        ]
      ]
    },
    {
      "stream": {
        "build_id": "build_865b33cb-d37e-4979-acfd-b87171e8180d",
        "filename": "/tmp/jmeter_logs.log",
        "hostname": "Lg_5236_30266",
        "job": "varlogs",
        "project": "1",
        "report_id": "38"
      },
      "values": [
        [
          "1654762930713656000",
          "2022-06-09 08:22:10,506 INFO o.a.j.JMeter: Setting JMeter property: comparison_db=comparison_1"
        ]
      ]
    },
    {
      "stream": {
        "build_id": "build_865b33cb-d37e-4979-acfd-b87171e8180d",
        "filename": "/tmp/jmeter_logs.log",
        "hostname": "Lg_5236_30266",
        "job": "varlogs",
        "project": "1",
        "report_id": "38"
      },
      "values": [
        [
          "1654762930713911000",
          "2022-06-09 08:22:10,506 INFO o.a.j.JMeter: Setting JMeter property: telegraf_db=telegraf_1"
        ]
      ]
    },
    {
      "stream": {
        "build_id": "build_865b33cb-d37e-4979-acfd-b87171e8180d",
        "filename": "/tmp/jmeter_logs.log",
        "hostname": "Lg_5236_30266",
        "job": "varlogs",
        "project": "1",
        "report_id": "38"
      },
      "values": [
        [
          "1654762930713918000",
          "2022-06-09 08:22:10,507 INFO o.a.j.JMeter: Setting JMeter property: loki_host=http://192.168.1.54"
        ]
      ]
    },
    {
      "stream": {
        "build_id": "build_865b33cb-d37e-4979-acfd-b87171e8180d",
        "filename": "/tmp/jmeter_logs.log",
        "hostname": "Lg_5236_30266",
        "job": "varlogs",
        "project": "1",
        "report_id": "38"
      },
      "values": [
        [
          "1654762930714070000",
          "2022-06-09 08:22:10,508 INFO o.a.j.JMeter: Setting JMeter property: loki_port=3100"
        ]
      ]
    },
    {
      "stream": {
        "build_id": "build_865b33cb-d37e-4979-acfd-b87171e8180d",
        "filename": "/tmp/jmeter_logs.log",
        "hostname": "Lg_5236_30266",
        "job": "varlogs",
        "project": "1",
        "report_id": "38"
      },
      "values": [
        [
          "1654762930714243000",
          "2022-06-09 08:22:10,508 INFO o.a.j.JMeter: Setting JMeter property: lg.id=Lg_5236_30266"
        ]
      ]
    },
    {
      "stream": {
        "build_id": "build_865b33cb-d37e-4979-acfd-b87171e8180d",
        "filename": "/tmp/jmeter_logs.log",
        "hostname": "Lg_5236_30266",
        "job": "varlogs",
        "project": "1",
        "report_id": "38"
      },
      "values": [
        [
          "1654762930714249000",
          "2022-06-09 08:22:10,509 INFO o.a.j.JMeter: Setting JMeter property: build.id=build_865b33cb-d37e-4979-acfd-b87171e8180d"
        ]
      ]
    },
    {
      "stream": {
        "build_id": "build_865b33cb-d37e-4979-acfd-b87171e8180d",
        "filename": "/tmp/jmeter_logs.log",
        "hostname": "Lg_5236_30266",
        "job": "varlogs",
        "project": "1",
        "report_id": "38"
      },
      "values": [
        [
          "1654762930714386000",
          "2022-06-09 08:22:10,617 INFO o.a.j.JMeter: Copyright (c) 1998-2021 The Apache Software Foundation"
        ]
      ]
    },
    {
      "stream": {
        "build_id": "build_865b33cb-d37e-4979-acfd-b87171e8180d",
        "filename": "/tmp/jmeter_logs.log",
        "hostname": "Lg_5236_30266",
        "job": "varlogs",
        "project": "1",
        "report_id": "38"
      },
      "values": [
        [
          "1654762930714627000",
          "2022-06-09 08:22:10,618 INFO o.a.j.JMeter: Version 5.4.1"
        ]
      ]
    },
    {
      "stream": {
        "build_id": "build_865b33cb-d37e-4979-acfd-b87171e8180d",
        "filename": "/tmp/jmeter_logs.log",
        "hostname": "Lg_5236_30266",
        "job": "varlogs",
        "project": "1",
        "report_id": "38"
      },
      "values": [
        [
          "1654762930714647000",
          "2022-06-09 08:22:10,618 INFO o.a.j.JMeter: java.version=1.8.0_282"
        ]
      ]
    },
    {
      "stream": {
        "build_id": "build_865b33cb-d37e-4979-acfd-b87171e8180d",
        "filename": "/tmp/jmeter_logs.log",
        "hostname": "Lg_5236_30266",
        "job": "varlogs",
        "project": "1",
        "report_id": "38"
      },
      "values": [
        [
          "1654762930714911000",
          "2022-06-09 08:22:10,619 INFO o.a.j.JMeter: java.vm.name=OpenJDK 64-Bit Server VM"
        ]
      ]
    },
    {
      "stream": {
        "build_id": "build_865b33cb-d37e-4979-acfd-b87171e8180d",
        "filename": "/tmp/jmeter_logs.log",
        "hostname": "Lg_5236_30266",
        "job": "varlogs",
        "project": "1",
        "report_id": "38"
      },
      "values": [
        [
          "1654762930715080000",
          "2022-06-09 08:22:10,619 INFO o.a.j.JMeter: os.name=Linux"
        ]
      ]
    },
    {
      "stream": {
        "build_id": "build_865b33cb-d37e-4979-acfd-b87171e8180d",
        "filename": "/tmp/jmeter_logs.log",
        "hostname": "Lg_5236_30266",
        "job": "varlogs",
        "project": "1",
        "report_id": "38"
      },
      "values": [
        [
          "1654762930715114000",
          "2022-06-09 08:22:10,619 INFO o.a.j.JMeter: os.arch=amd64"
        ]
      ]
    },
    {
      "stream": {
        "build_id": "build_865b33cb-d37e-4979-acfd-b87171e8180d",
        "filename": "/tmp/jmeter_logs.log",
        "hostname": "Lg_5236_30266",
        "job": "varlogs",
        "project": "1",
        "report_id": "38"
      },
      "values": [
        [
          "1654762930715301000",
          "2022-06-09 08:22:10,619 INFO o.a.j.JMeter: os.version=5.10.76-linuxkit"
        ]
      ]
    },
    {
      "stream": {
        "build_id": "build_865b33cb-d37e-4979-acfd-b87171e8180d",
        "filename": "/tmp/jmeter_logs.log",
        "hostname": "Lg_5236_30266",
        "job": "varlogs",
        "project": "1",
        "report_id": "38"
      },
      "values": [
        [
          "1654762930715455000",
          "2022-06-09 08:22:10,619 INFO o.a.j.JMeter: file.encoding=ANSI_X3.4-1968"
        ]
      ]
    },
    {
      "stream": {
        "build_id": "build_865b33cb-d37e-4979-acfd-b87171e8180d",
        "filename": "/tmp/jmeter_logs.log",
        "hostname": "Lg_5236_30266",
        "job": "varlogs",
        "project": "1",
        "report_id": "38"
      },
      "values": [
        [
          "1654762930715459000",
          "2022-06-09 08:22:10,620 INFO o.a.j.JMeter: java.awt.headless=true"
        ]
      ]
    },
    {
      "stream": {
        "build_id": "build_865b33cb-d37e-4979-acfd-b87171e8180d",
        "filename": "/tmp/jmeter_logs.log",
        "hostname": "Lg_5236_30266",
        "job": "varlogs",
        "project": "1",
        "report_id": "38"
      },
      "values": [
        [
          "1654762930715550000",
          "2022-06-09 08:22:10,620 INFO o.a.j.JMeter: Max memory     =3087007744"
        ]
      ]
    },
    {
      "stream": {
        "build_id": "build_865b33cb-d37e-4979-acfd-b87171e8180d",
        "filename": "/tmp/jmeter_logs.log",
        "hostname": "Lg_5236_30266",
        "job": "varlogs",
        "project": "1",
        "report_id": "38"
      },
      "values": [
        [
          "1654762930715706000",
          "2022-06-09 08:22:10,620 INFO o.a.j.JMeter: Available Processors =4"
        ]
      ]
    },
    {
      "stream": {
        "build_id": "build_865b33cb-d37e-4979-acfd-b87171e8180d",
        "filename": "/tmp/jmeter_logs.log",
        "hostname": "Lg_5236_30266",
        "job": "varlogs",
        "project": "1",
        "report_id": "38"
      },
      "values": [
        [
          "1654762930715711000",
          "2022-06-09 08:22:10,649 INFO o.a.j.JMeter: Default Locale=English (United States)"
        ]
      ]
    },
    {
      "stream": {
        "build_id": "build_865b33cb-d37e-4979-acfd-b87171e8180d",
        "filename": "/tmp/jmeter_logs.log",
        "hostname": "Lg_5236_30266",
        "job": "varlogs",
        "project": "1",
        "report_id": "38"
      },
      "values": [
        [
          "1654762930715861000",
          "2022-06-09 08:22:10,652 INFO o.a.j.JMeter: JMeter  Locale=English (United States)"
        ]
      ]
    },
    {
      "stream": {
        "build_id": "build_865b33cb-d37e-4979-acfd-b87171e8180d",
        "filename": "/tmp/jmeter_logs.log",
        "hostname": "Lg_5236_30266",
        "job": "varlogs",
        "project": "1",
        "report_id": "38"
      },
      "values": [
        [
          "1654762930716036000",
          "2022-06-09 08:22:10,652 INFO o.a.j.JMeter: JMeterHome=/jmeter/apache-jmeter-5.4.1/"
        ]
      ]
    },
    {
      "stream": {
        "build_id": "build_865b33cb-d37e-4979-acfd-b87171e8180d",
        "filename": "/tmp/jmeter_logs.log",
        "hostname": "Lg_5236_30266",
        "job": "varlogs",
        "project": "1",
        "report_id": "38"
      },
      "values": [
        [
          "1654762930716040000",
          "2022-06-09 08:22:10,652 INFO o.a.j.JMeter: user.dir  =/jmeter/apache-jmeter-5.4.1/bin"
        ]
      ]
    },
    {
      "stream": {
        "build_id": "build_865b33cb-d37e-4979-acfd-b87171e8180d",
        "filename": "/tmp/jmeter_logs.log",
        "hostname": "Lg_5236_30266",
        "job": "varlogs",
        "project": "1",
        "report_id": "38"
      },
      "values": [
        [
          "1654762930716125000",
          "2022-06-09 08:22:10,654 INFO o.a.j.JMeter: PWD       =/jmeter/apache-jmeter-5.4.1/bin"
        ]
      ]
    },
    {
      "stream": {
        "build_id": "build_865b33cb-d37e-4979-acfd-b87171e8180d",
        "filename": "/tmp/jmeter_logs.log",
        "hostname": "Lg_5236_30266",
        "job": "varlogs",
        "project": "1",
        "report_id": "38"
      },
      "values": [
        [
          "1654762930716358000",
          "2022-06-09 08:22:10,656 INFO o.a.j.JMeter: IP: 172.17.0.3 Name: eebf97635200 FullName: eebf97635200"
        ]
      ]
    },
    {
      "stream": {
        "build_id": "build_865b33cb-d37e-4979-acfd-b87171e8180d",
        "filename": "/tmp/jmeter_logs.log",
        "hostname": "Lg_5236_30266",
        "job": "varlogs",
        "project": "1",
        "report_id": "38"
      },
      "values": [
        [
          "1654762930716363000",
          "2022-06-09 08:22:10,691 INFO o.a.j.s.FileServer: Default base='/jmeter/apache-jmeter-5.4.1/bin'"
        ]
      ]
    },
    {
      "stream": {
        "build_id": "build_865b33cb-d37e-4979-acfd-b87171e8180d",
        "filename": "/tmp/jmeter_logs.log",
        "hostname": "Lg_5236_30266",
        "job": "varlogs",
        "project": "1",
        "report_id": "38"
      },
      "values": [
        [
          "1654762930716551000",
          "2022-06-09 08:22:10,702 INFO o.a.j.s.FileServer: Set new base='/mnt/jmeter'"
        ]
      ]
    },
    {
      "stream": {
        "build_id": "build_865b33cb-d37e-4979-acfd-b87171e8180d",
        "filename": "/tmp/jmeter_logs.log",
        "hostname": "Lg_5236_30266",
        "job": "varlogs",
        "project": "1",
        "report_id": "38"
      },
      "values": [
        [
          "1654762931719182000",
          "2022-06-09 08:22:11,670 INFO o.a.j.s.SaveService: Testplan (JMX) version: 2.2. Testlog (JTL) version: 2.2"
        ]
      ]
    },
    {
      "stream": {
        "build_id": "build_865b33cb-d37e-4979-acfd-b87171e8180d",
        "filename": "/tmp/jmeter_logs.log",
        "hostname": "Lg_5236_30266",
        "job": "varlogs",
        "project": "1",
        "report_id": "38"
      },
      "values": [
        [
          "1654762932470324000",
          "2022-06-09 08:22:12,283 INFO o.a.j.s.SaveService: Using SaveService properties file encoding UTF-8"
        ]
      ]
    },
    {
      "stream": {
        "build_id": "build_865b33cb-d37e-4979-acfd-b87171e8180d",
        "filename": "/tmp/jmeter_logs.log",
        "hostname": "Lg_5236_30266",
        "job": "varlogs",
        "project": "1",
        "report_id": "38"
      },
      "values": [
        [
          "1654762932470344000",
          "2022-06-09 08:22:12,323 INFO o.a.j.s.SaveService: Using SaveService properties version 5.0"
        ]
      ]
    },
    {
      "stream": {
        "build_id": "build_865b33cb-d37e-4979-acfd-b87171e8180d",
        "filename": "/tmp/jmeter_logs.log",
        "hostname": "Lg_5236_30266",
        "job": "varlogs",
        "project": "1",
        "report_id": "38"
      },
      "values": [
        [
          "1654762932471065000",
          "2022-06-09 08:22:12,371 INFO o.a.j.s.SaveService: Loading file: /mnt/jmeter/BasicEcommerce.jmx"
        ]
      ]
    },
    {
      "stream": {
        "build_id": "build_865b33cb-d37e-4979-acfd-b87171e8180d",
        "filename": "/tmp/jmeter_logs.log",
        "hostname": "Lg_5236_30266",
        "job": "varlogs",
        "project": "1",
        "report_id": "38"
      },
      "values": [
        [
          "1654762932720565000",
          "2022-06-09 08:22:12,636 INFO o.a.j.s.SampleResult: Note: Sample TimeStamps are START times"
        ]
      ]
    },
    {
      "stream": {
        "build_id": "build_865b33cb-d37e-4979-acfd-b87171e8180d",
        "filename": "/tmp/jmeter_logs.log",
        "hostname": "Lg_5236_30266",
        "job": "varlogs",
        "project": "1",
        "report_id": "38"
      },
      "values": [
        [
          "1654762932720592000",
          "2022-06-09 08:22:12,636 INFO o.a.j.s.SampleResult: sampleresult.default.encoding is set to ISO-8859-1"
        ]
      ]
    },
    {
      "stream": {
        "build_id": "build_865b33cb-d37e-4979-acfd-b87171e8180d",
        "filename": "/tmp/jmeter_logs.log",
        "hostname": "Lg_5236_30266",
        "job": "varlogs",
        "project": "1",
        "report_id": "38"
      },
      "values": [
        [
          "1654762932721206000",
          "2022-06-09 08:22:12,637 INFO o.a.j.s.SampleResult: sampleresult.useNanoTime=true"
        ]
      ]
    },
    {
      "stream": {
        "build_id": "build_865b33cb-d37e-4979-acfd-b87171e8180d",
        "filename": "/tmp/jmeter_logs.log",
        "hostname": "Lg_5236_30266",
        "job": "varlogs",
        "project": "1",
        "report_id": "38"
      },
      "values": [
        [
          "1654762932721429000",
          "2022-06-09 08:22:12,637 INFO o.a.j.s.SampleResult: sampleresult.nanoThreadSleep=5000"
        ]
      ]
    },
    {
      "stream": {
        "build_id": "build_865b33cb-d37e-4979-acfd-b87171e8180d",
        "filename": "/tmp/jmeter_logs.log",
        "hostname": "Lg_5236_30266",
        "job": "varlogs",
        "project": "1",
        "report_id": "38"
      },
      "values": [
        [
          "1654762932721434000",
          "2022-06-09 08:22:12,702 INFO o.a.j.p.h.c.CookieManager: Settings: Delete null: true Check: true Allow variable: true Save: false Prefix: COOKIE_"
        ]
      ]
    },
    {
      "stream": {
        "build_id": "build_865b33cb-d37e-4979-acfd-b87171e8180d",
        "filename": "/tmp/jmeter_logs.log",
        "hostname": "Lg_5236_30266",
        "job": "varlogs",
        "project": "1",
        "report_id": "38"
      },
      "values": [
        [
          "1654762933471849000",
          "2022-06-09 08:22:13,359 INFO o.a.j.p.h.s.HTTPSamplerBase: Parser for text/html is org.apache.jmeter.protocol.http.parser.LagartoBasedHtmlParser"
        ]
      ]
    },
    {
      "stream": {
        "build_id": "build_865b33cb-d37e-4979-acfd-b87171e8180d",
        "filename": "/tmp/jmeter_logs.log",
        "hostname": "Lg_5236_30266",
        "job": "varlogs",
        "project": "1",
        "report_id": "38"
      },
      "values": [
        [
          "1654762933471878000",
          "2022-06-09 08:22:13,360 INFO o.a.j.p.h.s.HTTPSamplerBase: Parser for application/xhtml+xml is org.apache.jmeter.protocol.http.parser.LagartoBasedHtmlParser"
        ]
      ]
    },
    {
      "stream": {
        "build_id": "build_865b33cb-d37e-4979-acfd-b87171e8180d",
        "filename": "/tmp/jmeter_logs.log",
        "hostname": "Lg_5236_30266",
        "job": "varlogs",
        "project": "1",
        "report_id": "38"
      },
      "values": [
        [
          "1654762933472270000",
          "2022-06-09 08:22:13,361 INFO o.a.j.p.h.s.HTTPSamplerBase: Parser for application/xml is org.apache.jmeter.protocol.http.parser.LagartoBasedHtmlParser"
        ]
      ]
    },
    {
      "stream": {
        "build_id": "build_865b33cb-d37e-4979-acfd-b87171e8180d",
        "filename": "/tmp/jmeter_logs.log",
        "hostname": "Lg_5236_30266",
        "job": "varlogs",
        "project": "1",
        "report_id": "38"
      },
      "values": [
        [
          "1654762933472521000",
          "2022-06-09 08:22:13,361 INFO o.a.j.p.h.s.HTTPSamplerBase: Parser for text/xml is org.apache.jmeter.protocol.http.parser.LagartoBasedHtmlParser"
        ]
      ]
    },
    {
      "stream": {
        "build_id": "build_865b33cb-d37e-4979-acfd-b87171e8180d",
        "filename": "/tmp/jmeter_logs.log",
        "hostname": "Lg_5236_30266",
        "job": "varlogs",
        "project": "1",
        "report_id": "38"
      },
      "values": [
        [
          "1654762933472525000",
          "2022-06-09 08:22:13,362 INFO o.a.j.p.h.s.HTTPSamplerBase: Parser for text/vnd.wap.wml is org.apache.jmeter.protocol.http.parser.RegexpHTMLParser"
        ]
      ]
    },
    {
      "stream": {
        "build_id": "build_865b33cb-d37e-4979-acfd-b87171e8180d",
        "filename": "/tmp/jmeter_logs.log",
        "hostname": "Lg_5236_30266",
        "job": "varlogs",
        "project": "1",
        "report_id": "38"
      },
      "values": [
        [
          "1654762933472646000",
          "2022-06-09 08:22:13,363 INFO o.a.j.p.h.s.HTTPSamplerBase: Parser for text/css is org.apache.jmeter.protocol.http.parser.CssParser"
        ]
      ]
    },
    {
      "stream": {
        "build_id": "build_865b33cb-d37e-4979-acfd-b87171e8180d",
        "filename": "/tmp/jmeter_logs.log",
        "hostname": "Lg_5236_30266",
        "job": "varlogs",
        "project": "1",
        "report_id": "38"
      },
      "values": [
        [
          "1654762933973096000",
          "2022-06-09 08:22:13,913 INFO o.a.j.JMeter: Creating summariser <summary>"
        ]
      ]
    },
    {
      "stream": {
        "build_id": "build_865b33cb-d37e-4979-acfd-b87171e8180d",
        "filename": "/tmp/jmeter_logs.log",
        "hostname": "Lg_5236_30266",
        "job": "varlogs",
        "project": "1",
        "report_id": "38"
      },
      "values": [
        [
          "1654762933973114000",
          "2022-06-09 08:22:13,951 INFO o.a.j.e.StandardJMeterEngine: Running the test!"
        ]
      ]
    },
    {
      "stream": {
        "build_id": "build_865b33cb-d37e-4979-acfd-b87171e8180d",
        "filename": "/tmp/jmeter_logs.log",
        "hostname": "Lg_5236_30266",
        "job": "varlogs",
        "project": "1",
        "report_id": "38"
      },
      "values": [
        [
          "1654762934223256000",
          "2022-06-09 08:22:13,976 INFO o.a.j.s.SampleEvent: List of sample_variables: []"
        ]
      ]
    },
    {
      "stream": {
        "build_id": "build_865b33cb-d37e-4979-acfd-b87171e8180d",
        "filename": "/tmp/jmeter_logs.log",
        "hostname": "Lg_5236_30266",
        "job": "varlogs",
        "project": "1",
        "report_id": "38"
      },
      "values": [
        [
          "1654762934223265000",
          "2022-06-09 08:22:13,979 INFO o.a.j.s.SampleEvent: List of sample_variables: []"
        ]
      ]
    },
    {
      "stream": {
        "build_id": "build_865b33cb-d37e-4979-acfd-b87171e8180d",
        "filename": "/tmp/jmeter_logs.log",
        "hostname": "Lg_5236_30266",
        "job": "varlogs",
        "project": "1",
        "report_id": "38"
      },
      "values": [
        [
          "1654762934223543000",
          "2022-06-09 08:22:14,028 INFO o.a.j.e.u.CompoundVariable: Note: Function class names must contain the string: '.functions.'"
        ]
      ]
    },
    {
      "stream": {
        "build_id": "build_865b33cb-d37e-4979-acfd-b87171e8180d",
        "filename": "/tmp/jmeter_logs.log",
        "hostname": "Lg_5236_30266",
        "job": "varlogs",
        "project": "1",
        "report_id": "38"
      },
      "values": [
        [
          "1654762934224032000",
          "2022-06-09 08:22:14,029 INFO o.a.j.e.u.CompoundVariable: Note: Function class names must not contain the string: '.gui.'"
        ]
      ]
    },
    {
      "stream": {
        "build_id": "build_865b33cb-d37e-4979-acfd-b87171e8180d",
        "filename": "/tmp/jmeter_logs.log",
        "hostname": "Lg_5236_30266",
        "job": "varlogs",
        "project": "1",
        "report_id": "38"
      },
      "values": [
        [
          "1654762936976507000",
          "2022-06-09 08:22:16,886 INFO o.a.j.v.b.BackendListener: Backend Listener: Starting worker with class: class jmeter.backend.listener.InfluxBackendListenerClient and queue capacity: 5000"
        ]
      ]
    },
    {
      "stream": {
        "build_id": "build_865b33cb-d37e-4979-acfd-b87171e8180d",
        "filename": "/tmp/jmeter_logs.log",
        "hostname": "Lg_5236_30266",
        "job": "varlogs",
        "project": "1",
        "report_id": "38"
      },
      "values": [
        [
          "1654762936976538000",
          "2022-06-09 08:22:16,896 INFO o.a.j.v.b.BackendListener: Backend Listener: Started  worker with class: class jmeter.backend.listener.InfluxBackendListenerClient"
        ]
      ]
    },
    {
      "stream": {
        "build_id": "build_865b33cb-d37e-4979-acfd-b87171e8180d",
        "filename": "/tmp/jmeter_logs.log",
        "hostname": "Lg_5236_30266",
        "job": "varlogs",
        "project": "1",
        "report_id": "38"
      },
      "values": [
        [
          "1654762936976924000",
          "2022-06-09 08:22:16,898 INFO j.b.l.InfluxBackendListenerClient: Custom Global tags: {}"
        ]
      ]
    },
    {
      "stream": {
        "build_id": "build_865b33cb-d37e-4979-acfd-b87171e8180d",
        "filename": "/tmp/jmeter_logs.log",
        "hostname": "Lg_5236_30266",
        "job": "varlogs",
        "project": "1",
        "report_id": "38"
      },
      "values": [
        [
          "1654762936977307000",
          "2022-06-09 08:22:16,898 INFO j.b.l.InfluxBackendListenerClient: Custom VUsers tags: {}"
        ]
      ]
    },
    {
      "stream": {
        "build_id": "build_865b33cb-d37e-4979-acfd-b87171e8180d",
        "filename": "/tmp/jmeter_logs.log",
        "hostname": "Lg_5236_30266",
        "job": "varlogs",
        "project": "1",
        "report_id": "38"
      },
      "values": [
        [
          "1654762936977314000",
          "2022-06-09 08:22:16,898 INFO j.b.l.InfluxBackendListenerClient: Custom Samples tags: {}"
        ]
      ]
    },
    {
      "stream": {
        "build_id": "build_865b33cb-d37e-4979-acfd-b87171e8180d",
        "filename": "/tmp/jmeter_logs.log",
        "hostname": "Lg_5236_30266",
        "job": "varlogs",
        "project": "1",
        "report_id": "38"
      },
      "values": [
        [
          "1654762938729302000",
          "2022-06-09 08:22:18,606 INFO j.b.l.InfluxBackendListenerClient: ++++++ InfluxDB ping test: Success ++++++"
        ]
      ]
    },
    {
      "stream": {
        "build_id": "build_865b33cb-d37e-4979-acfd-b87171e8180d",
        "filename": "/tmp/jmeter_logs.log",
        "hostname": "Lg_5236_30266",
        "job": "varlogs",
        "project": "1",
        "report_id": "38"
      },
      "values": [
        [
          "1654762940481594000",
          "2022-06-09 08:22:20,344 INFO o.a.j.JMeter: Running test (1654762940343)"
        ]
      ]
    },
    {
      "stream": {
        "build_id": "build_865b33cb-d37e-4979-acfd-b87171e8180d",
        "filename": "/tmp/jmeter_logs.log",
        "hostname": "Lg_5236_30266",
        "job": "varlogs",
        "project": "1",
        "report_id": "38"
      },
      "values": [
        [
          "1654762940731769000",
          "2022-06-09 08:22:20,597 INFO o.a.j.e.StandardJMeterEngine: Starting ThreadGroup: 1 : Thread"
        ]
      ]
    },
    {
      "stream": {
        "build_id": "build_865b33cb-d37e-4979-acfd-b87171e8180d",
        "filename": "/tmp/jmeter_logs.log",
        "hostname": "Lg_5236_30266",
        "job": "varlogs",
        "project": "1",
        "report_id": "38"
      },
      "values": [
        [
          "1654762940731780000",
          "2022-06-09 08:22:20,599 INFO o.a.j.e.StandardJMeterEngine: Starting 1 threads for group Thread."
        ]
      ]
    },
    {
      "stream": {
        "build_id": "build_865b33cb-d37e-4979-acfd-b87171e8180d",
        "filename": "/tmp/jmeter_logs.log",
        "hostname": "Lg_5236_30266",
        "job": "varlogs",
        "project": "1",
        "report_id": "38"
      },
      "values": [
        [
          "1654762940732159000",
          "2022-06-09 08:22:20,599 INFO o.a.j.e.StandardJMeterEngine: Thread will continue on error"
        ]
      ]
    },
    {
      "stream": {
        "build_id": "build_865b33cb-d37e-4979-acfd-b87171e8180d",
        "filename": "/tmp/jmeter_logs.log",
        "hostname": "Lg_5236_30266",
        "job": "varlogs",
        "project": "1",
        "report_id": "38"
      },
      "values": [
        [
          "1654762940732488000",
          "2022-06-09 08:22:20,602 INFO o.a.j.t.ThreadGroup: Starting thread group... number=1 threads=1 ramp-up=1 delayedStart=false"
        ]
      ]
    },
    {
      "stream": {
        "build_id": "build_865b33cb-d37e-4979-acfd-b87171e8180d",
        "filename": "/tmp/jmeter_logs.log",
        "hostname": "Lg_5236_30266",
        "job": "varlogs",
        "project": "1",
        "report_id": "38"
      },
      "values": [
        [
          "1654762940732495000",
          "2022-06-09 08:22:20,664 INFO o.a.j.t.ThreadGroup: Started thread group number 1"
        ]
      ]
    },
    {
      "stream": {
        "build_id": "build_865b33cb-d37e-4979-acfd-b87171e8180d",
        "filename": "/tmp/jmeter_logs.log",
        "hostname": "Lg_5236_30266",
        "job": "varlogs",
        "project": "1",
        "report_id": "38"
      },
      "values": [
        [
          "1654762940732610000",
          "2022-06-09 08:22:20,665 INFO o.a.j.e.StandardJMeterEngine: All thread groups have been started"
        ]
      ]
    },
    {
      "stream": {
        "build_id": "build_865b33cb-d37e-4979-acfd-b87171e8180d",
        "filename": "/tmp/jmeter_logs.log",
        "hostname": "Lg_5236_30266",
        "job": "varlogs",
        "project": "1",
        "report_id": "38"
      },
      "values": [
        [
          "1654762940982038000",
          "2022-06-09 08:22:20,803 INFO o.a.j.t.JMeterThread: Thread started: Thread 1-1"
        ]
      ]
    },
    {
      "stream": {
        "build_id": "build_865b33cb-d37e-4979-acfd-b87171e8180d",
        "filename": "/tmp/jmeter_logs.log",
        "hostname": "Lg_5236_30266",
        "job": "varlogs",
        "project": "1",
        "report_id": "38"
      },
      "values": [
        [
          "1654762940982075000",
          "2022-06-09 08:22:20,830 INFO o.a.j.s.FileServer: Stored: /mnt/jmeter//age.csv"
        ]
      ]
    },
    {
      "stream": {
        "build_id": "build_865b33cb-d37e-4979-acfd-b87171e8180d",
        "filename": "/tmp/jmeter_logs.log",
        "hostname": "Lg_5236_30266",
        "job": "varlogs",
        "project": "1",
        "report_id": "38"
      },
      "values": [
        [
          "1654762941986264000",
          "2022-06-09 08:22:21,978 INFO o.a.j.p.h.s.HTTPJavaImpl: Maximum connection retries = 0"
        ]
      ]
    },
    {
      "stream": {
        "build_id": "build_865b33cb-d37e-4979-acfd-b87171e8180d",
        "filename": "/tmp/jmeter_logs.log",
        "hostname": "Lg_5236_30266",
        "job": "varlogs",
        "project": "1",
        "report_id": "38"
      },
      "values": [
        [
          "1654762942237238000",
          "2022-06-09 08:22:21,993 INFO o.a.j.u.JsseSSLManager: Using default SSL protocol: TLS"
        ]
      ]
    },
    {
      "stream": {
        "build_id": "build_865b33cb-d37e-4979-acfd-b87171e8180d",
        "filename": "/tmp/jmeter_logs.log",
        "hostname": "Lg_5236_30266",
        "job": "varlogs",
        "project": "1",
        "report_id": "38"
      },
      "values": [
        [
          "1654762942237271000",
          "2022-06-09 08:22:21,993 INFO o.a.j.u.JsseSSLManager: SSL session context: per-thread"
        ]
      ]
    },
    {
      "stream": {
        "build_id": "build_865b33cb-d37e-4979-acfd-b87171e8180d",
        "filename": "/tmp/jmeter_logs.log",
        "hostname": "Lg_5236_30266",
        "job": "varlogs",
        "project": "1",
        "report_id": "38"
      },
      "values": [
        [
          "1654762942238588000",
          "2022-06-09 08:22:22,042 INFO o.a.j.u.SSLManager: JmeterKeyStore Location:  type JKS"
        ]
      ]
    },
    {
      "stream": {
        "build_id": "build_865b33cb-d37e-4979-acfd-b87171e8180d",
        "filename": "/tmp/jmeter_logs.log",
        "hostname": "Lg_5236_30266",
        "job": "varlogs",
        "project": "1",
        "report_id": "38"
      },
      "values": [
        [
          "1654762942238958000",
          "2022-06-09 08:22:22,047 INFO o.a.j.u.SSLManager: KeyStore created OK"
        ]
      ]
    },
    {
      "stream": {
        "build_id": "build_865b33cb-d37e-4979-acfd-b87171e8180d",
        "filename": "/tmp/jmeter_logs.log",
        "hostname": "Lg_5236_30266",
        "job": "varlogs",
        "project": "1",
        "report_id": "38"
      },
      "values": [
        [
          "1654762942239143000",
          "2022-06-09 08:22:22,047 WARN o.a.j.u.SSLManager: Keystore file not found, loading empty keystore"
        ]
      ]
    },
    {
      "stream": {
        "build_id": "build_865b33cb-d37e-4979-acfd-b87171e8180d",
        "filename": "/tmp/jmeter_logs.log",
        "hostname": "Lg_5236_30266",
        "job": "varlogs",
        "project": "1",
        "report_id": "38"
      },
      "values": [
        [
          "1654762955265886000",
          "2022-06-09 08:22:35,014 ERROR o.a.j.r.Summariser: summary +      3 in 00:00:15 =    0.2/s Avg:  2134 Min:  1314 Max:  2834 Err:     0 (0.00%) Active: 1 Started: 1 Finished: 0"
        ]
      ]
    },
    {
      "stream": {
        "build_id": "build_865b33cb-d37e-4979-acfd-b87171e8180d",
        "filename": "/tmp/test.log",
        "hostname": "Lg_5236_30266",
        "job": "varlogs",
        "project": "1",
        "report_id": "38"
      },
      "values": [
        [
          "1654762975044540000",
          "Error key: BuyProduct_GET_200\tRequest name: BuyProduct\tMethod: GET\tResponse code: 200\tURL: https://challengers.flood.io/done\tError message: [Test failed: text expected to contain /You're Done!!!/]\tRequest params: []\tHeaders: Connection: keep-alive Accept-Language: ru-RU,ru;q=0.8,en-US;q=0.5,en;q=0.3 Accept-Encoding: gzip, deflate, br \tResponse body: <!DOCTYPE html> <html lang=en> <head> <link href=/assets/application-83a5b9f2e1580179c228e00b1276d04c.css media=all rel=stylesheet /> <script src=/assets/application-5e48982641645e9e430e258fb10a8f85.js></script> <link href=https://maxcdn.bootstrapcdn.com/bootstrap/3.3.0/css/bootstrap.min.css rel=stylesheet> <title>Flood IO Script Challenge</title> </head> <body class=challengers done> <div class=main> <div class=container> <div class=row> <div class=page-title> <div class=container> <div class=row> <div class=span12> <h4> <img alt=Flood logo black height=50 src=/assets/flood_logo_black-2f37da5375643a3756df3dfe52cdb75a.png width=200 /> </h4> </div> </div> </div> </div> <div class=container> <div class=row> <div class=span12> <h2> Youre Done! </h2> <p class=lead> Thats it. You just walked through the test manually, nows the time to start scripting the steps to get to this point. <h3> Want to enter our Hall of Fame? </h3> <p> <mark> Pay attention to the following details! </mark> </p> <ul> <li> Send us a link to your Flood <a href=https://flood.io/P2oO7ZyU>load test results</a> at <strong> challengers@flood.io </strong> </li> <li> Include a <strong> User-Agent </strong> header with the words <strong> I AM ROBOT </strong> so that we know its not a human attempt. </li> <li> Make sure you only test the target site at <strong> training.flooded.io </strong> </li> <li> Ensure you match our target of <strong> 50 concurrent users </strong> </li> <li> Make sure your transaction rate is between <strong> 8,000 to 10,000 requests per minute </strong> </li> <li> We wont accept results with errors </li> </ul> <p> <a class=btn href=/>Start Again</a> </p> </p> </div> </div> </div> </div> </div> </div> </body> </html> OK\t"
        ]
      ]
    },
    {
      "stream": {
        "build_id": "build_865b33cb-d37e-4979-acfd-b87171e8180d",
        "filename": "/tmp/jmeter_logs.log",
        "hostname": "Lg_5236_30266",
        "job": "varlogs",
        "project": "1",
        "report_id": "38"
      },
      "values": [
        [
          "1654762981119216000",
          "2022-06-09 08:23:01,093 INFO o.a.j.r.Summariser: summary +     15 in 00:00:26 =    0.6/s Avg:   617 Min:   220 Max:  1488 Err:     1 (6.67%) Active: 1 Started: 1 Finished: 0"
        ]
      ]
    },
    {
      "stream": {
        "build_id": "build_865b33cb-d37e-4979-acfd-b87171e8180d",
        "filename": "/tmp/jmeter_logs.log",
        "hostname": "Lg_5236_30266",
        "job": "varlogs",
        "project": "1",
        "report_id": "38"
      },
      "values": [
        [
          "1654762981119255000",
          "2022-06-09 08:23:01,097 INFO o.a.j.r.Summariser: summary =     18 in 00:00:41 =    0.4/s Avg:   870 Min:   220 Max:  2834 Err:     1 (5.56%)"
        ]
      ]
    },
    {
      "stream": {
        "build_id": "build_865b33cb-d37e-4979-acfd-b87171e8180d",
        "filename": "/tmp/test.log",
        "hostname": "Lg_5236_30266",
        "job": "varlogs",
        "project": "1",
        "report_id": "38"
      },
      "values": [
        [
          "1654762996875503000",
          "Error key: BuyProduct_GET_200\tRequest name: BuyProduct\tMethod: GET\tResponse code: 200\tURL: https://challengers.flood.io/done\tError message: [Test failed: text expected to contain /You're Done!!!/]\tRequest params: []\tHeaders: Connection: keep-alive Accept-Language: ru-RU,ru;q=0.8,en-US;q=0.5,en;q=0.3 Accept-Encoding: gzip, deflate, br \tResponse body: <!DOCTYPE html> <html lang=en> <head> <link href=/assets/application-83a5b9f2e1580179c228e00b1276d04c.css media=all rel=stylesheet /> <script src=/assets/application-5e48982641645e9e430e258fb10a8f85.js></script> <link href=https://maxcdn.bootstrapcdn.com/bootstrap/3.3.0/css/bootstrap.min.css rel=stylesheet> <title>Flood IO Script Challenge</title> </head> <body class=challengers done> <div class=main> <div class=container> <div class=row> <div class=page-title> <div class=container> <div class=row> <div class=span12> <h4> <img alt=Flood logo black height=50 src=/assets/flood_logo_black-2f37da5375643a3756df3dfe52cdb75a.png width=200 /> </h4> </div> </div> </div> </div> <div class=container> <div class=row> <div class=span12> <h2> Youre Done! </h2> <p class=lead> Thats it. You just walked through the test manually, nows the time to start scripting the steps to get to this point. <h3> Want to enter our Hall of Fame? </h3> <p> <mark> Pay attention to the following details! </mark> </p> <ul> <li> Send us a link to your Flood <a href=https://flood.io/P2oO7ZyU>load test results</a> at <strong> challengers@flood.io </strong> </li> <li> Include a <strong> User-Agent </strong> header with the words <strong> I AM ROBOT </strong> so that we know its not a human attempt. </li> <li> Make sure you only test the target site at <strong> training.flooded.io </strong> </li> <li> Ensure you match our target of <strong> 50 concurrent users </strong> </li> <li> Make sure your transaction rate is between <strong> 8,000 to 10,000 requests per minute </strong> </li> <li> We wont accept results with errors </li> </ul> <p> <a class=btn href=/>Start Again</a> </p> </p> </div> </div> </div> </div> </div> </div> </body> </html> OK\t"
        ]
      ]
    },
    {
      "stream": {
        "build_id": "build_865b33cb-d37e-4979-acfd-b87171e8180d",
        "filename": "/tmp/jmeter_logs.log",
        "hostname": "Lg_5236_30266",
        "job": "varlogs",
        "project": "1",
        "report_id": "38"
      },
      "values": [
        [
          "1654763001196577000",
          "2022-06-09 08:23:21,175 INFO o.a.j.t.JMeterThread: Stopping because end time detected by thread: Thread 1-1"
        ]
      ]
    },
    {
      "stream": {
        "build_id": "build_865b33cb-d37e-4979-acfd-b87171e8180d",
        "filename": "/tmp/jmeter_logs.log",
        "hostname": "Lg_5236_30266",
        "job": "varlogs",
        "project": "1",
        "report_id": "38"
      },
      "values": [
        [
          "1654763001196594000",
          "2022-06-09 08:23:21,177 INFO o.a.j.t.JMeterThread: Thread finished: Thread 1-1"
        ]
      ]
    },
    {
      "stream": {
        "build_id": "build_865b33cb-d37e-4979-acfd-b87171e8180d",
        "filename": "/tmp/jmeter_logs.log",
        "hostname": "Lg_5236_30266",
        "job": "varlogs",
        "project": "1",
        "report_id": "38"
      },
      "values": [
        [
          "1654763001197122000",
          "2022-06-09 08:23:21,180 INFO o.a.j.e.StandardJMeterEngine: Notifying test listeners of end of test"
        ]
      ]
    },
    {
      "stream": {
        "build_id": "build_865b33cb-d37e-4979-acfd-b87171e8180d",
        "filename": "/tmp/jmeter_logs.log",
        "hostname": "Lg_5236_30266",
        "job": "varlogs",
        "project": "1",
        "report_id": "38"
      },
      "values": [
        [
          "1654763001197317000",
          "2022-06-09 08:23:21,182 INFO o.a.j.s.FileServer: Close: /mnt/jmeter//age.csv"
        ]
      ]
    },
    {
      "stream": {
        "build_id": "build_865b33cb-d37e-4979-acfd-b87171e8180d",
        "filename": "/tmp/jmeter_logs.log",
        "hostname": "Lg_5236_30266",
        "job": "varlogs",
        "project": "1",
        "report_id": "38"
      },
      "values": [
        [
          "1654763001197332000",
          "2022-06-09 08:23:21,185 INFO o.a.j.v.b.BackendListener: Worker ended"
        ]
      ]
    },
    {
      "stream": {
        "build_id": "build_865b33cb-d37e-4979-acfd-b87171e8180d",
        "filename": "/tmp/jmeter_logs.log",
        "hostname": "Lg_5236_30266",
        "job": "varlogs",
        "project": "1",
        "report_id": "38"
      },
      "values": [
        [
          "1654763001197587000",
          "2022-06-09 08:23:21,191 INFO j.b.l.InfluxBackendListenerClient: Shutting down scheduler..."
        ]
      ]
    },
    {
      "stream": {
        "build_id": "build_865b33cb-d37e-4979-acfd-b87171e8180d",
        "filename": "/tmp/jmeter_logs.log",
        "hostname": "Lg_5236_30266",
        "job": "varlogs",
        "project": "1",
        "report_id": "38"
      },
      "values": [
        [
          "1654763001448297000",
          "2022-06-09 08:23:21,205 INFO j.b.l.InfluxBackendListenerClient: Scheduler has been terminated!"
        ]
      ]
    },
    {
      "stream": {
        "build_id": "build_865b33cb-d37e-4979-acfd-b87171e8180d",
        "filename": "/tmp/jmeter_logs.log",
        "hostname": "Lg_5236_30266",
        "job": "varlogs",
        "project": "1",
        "report_id": "38"
      },
      "values": [
        [
          "1654763001448323000",
          "2022-06-09 08:23:21,209 INFO o.a.j.r.Summariser: summary +     13 in 00:00:20 =    0.6/s Avg:   494 Min:   212 Max:  1636 Err:     1 (7.69%) Active: 0 Started: 1 Finished: 1"
        ]
      ]
    },
    {
      "stream": {
        "build_id": "build_865b33cb-d37e-4979-acfd-b87171e8180d",
        "filename": "/tmp/jmeter_logs.log",
        "hostname": "Lg_5236_30266",
        "job": "varlogs",
        "project": "1",
        "report_id": "38"
      },
      "values": [
        [
          "1654763001448590000",
          "2022-06-09 08:23:21,210 INFO o.a.j.r.Summariser: summary =     31 in 00:01:01 =    0.5/s Avg:   712 Min:   212 Max:  2834 Err:     2 (6.45%)"
        ]
      ]
    }
  ]
}